Time (s),Tasks #
18.0,1229
0.001,8015
16.0,5
37.0,990
262.0,162
338.0,256
301.0,195
74.0,4160
283.0,174
150.0,1067
131.0,1396
168.0,632
151.0,211
112.0,2825
55.0,2458
188.0,946
414.0,254
396.0,329
472.0,87
357.0,226
451.0,137
377.0,439
320.0,175
433.0,155
509.0,10
755.0,3
490.0,21
527.0,11
244.0,288
207.0,719
187.0,16
225.0,453
170.0,320
246.0,89
116.0,68
261.0,20
192.0,153
153.0,72
174.0,69
172.0,80
96.0,389
318.0,33
114.0,252
155.0,47
75.0,942
135.0,97
212.0,22
77.0,211
211.0,40
279.0,24
298.0,11
242.0,17
361.0,80
392.0,20
355.0,35
337.0,18
133.0,212
374.0,30
340.0,90
57.0,955
224.0,12
248.0,14
100.0,57
140.0,42
98.0,73
264.0,127
94.0,4560
300.0,31
266.0,15
285.0,8
83.0,39
120.0,28
101.0,38
303.0,12
122.0,12
79.0,77
231.0,30
92.0,79
250.0,34
251.0,12
600.0,15
368.0,13
638.0,6
270.0,9
385.0,51
327.0,9
620.0,13
366.0,33
605.0,12
309.0,3
348.0,13
562.0,9
329.0,6
601.0,8
544.0,12
350.0,4
387.0,10
583.0,7
288.0,17
524.0,12
488.0,13
542.0,12
194.0,11
581.0,12
468.0,48
505.0,15
450.0,109
405.0,25
675.0,12
525.0,6
640.0,7
712.0,16
694.0,10
233.0,4
674.0,11
692.0,7
618.0,13
359.0,229
281.0,20
20.0,93
53.0,2
38.0,175
342.0,41
322.0,48
381.0,24
324.0,22
550.0,5
566.0,9
61.0,179
379.0,62
344.0,24
398.0,43
42.0,77
325.0,10
305.0,6
400.0,22
383.0,27
435.0,93
118.0,29
624.0,12
453.0,120
59.0,269
362.0,33
364.0,25
401.0,16
403.0,35
346.0,17
625.0,5
418.0,27
424.0,45
425.0,23
961.0,4
696.0,3
420.0,23
1218.0,2
477.0,17
512.0,11
475.0,31
1077.0,2
455.0,69
607.0,4
431.0,120
409.0,6
1012.0,1
1192.0,1
448.0,28
501.0,21
514.0,8
214.0,8
898.0,2
1051.0,1
1342.0,1
529.0,6
125.0,11
422.0,14
792.0,2
470.0,51
748.0,4
651.0,4
461.0,36
1298.0,4
1242.0,1
1237.0,1
1135.0,1
924.0,8
222.0,5
516.0,9
590.0,5
474.0,40
496.0,9
553.0,10
1277.0,1
427.0,14
627.0,3
437.0,74
774.0,2
394.0,17
522.0,6
1064.0,2
959.0,1
766.0,1
464.0,29
888.0,3
983.0,5
40.0,57
779.0,1
833.0,2
492.0,12
1009.0,1
920.0,4
907.0,10
520.0,8
998.0,1
687.0,2
494.0,8
1283.0,1
735.0,3
498.0,12
729.0,2
1116.0,2
714.0,7
738.0,2
1344.0,2
835.0,2
1324.0,1
1081.0,3
622.0,9
1055.0,2
905.0,8
946.0,2
457.0,80
1164.0,5
503.0,8
531.0,5
587.0,5
511.0,13
87.0,14
1222.0,2
1212.0,1
1357.0,1
864.0,2
801.0,1
1066.0,2
690.0,1
438.0,67
953.0,2
731.0,11
372.0,8
1244.0,1
574.0,5
440.0,28
407.0,10
846.0,3
307.0,7
287.0,9
416.0,62
111.0,6
62.0,106
44.0,19
2687.0,1
879.0,2
2509.0,1
662.0,1
518.0,8
462.0,72
2455.0,1
2046.0,2
2505.0,1
1550.0,2
2235.0,1
1622.0,2
2377.0,1
1861.0,1
2350.0,3
1657.0,1
237.0,9
557.0,11
1368.0,2
612.0,9
2059.0,1
701.0,2
1983.0,1
1014.0,1
229.0,21
2351.0,1
1294.0,4
209.0,76
1907.0,1
2420.0,1
1764.0,1
331.0,6
1738.0,1
992.0,1
164.0,14
903.0,4
1035.0,3
2207.0,1
216.0,9
2562.0,1
825.0,2
109.0,7
2109.0,1
2300.0,1
2464.0,1
259.0,5
1238.0,1
2653.0,2
533.0,8
1735.0,1
1072.0,2
611.0,5
2435.0,1
2001.0,1
614.0,5
1859.0,1
2103.0,1
1566.0,1
2555.0,1
1388.0,2
972.0,3
2250.0,1
2381.0,1
561.0,8
1240.0,1
2383.0,1
2359.0,1
609.0,5
159.0,32
1361.0,1
1596.0,2
616.0,8
1057.0,1
2029.0,1
2375.0,1
1303.0,1
1211.0,1
1207.0,1
2557.0,1
2196.0,1
2418.0,1
1335.0,3
1633.0,1
1964.0,1
1905.0,1
2238.0,1
577.0,10
1644.0,1
81.0,42
1911.0,1
2462.0,1
1122.0,1
2005.0,1
2366.0,1
1074.0,2
2685.0,1
446.0,34
2561.0,1
2457.0,1
375.0,8
679.0,2
72.0,4
35.0,3
166.0,8
175.0,11
190.0,62
177.0,13
727.0,3
370.0,3
292.0,11
390.0,12
351.0,3
707.0,2
333.0,7
314.0,4
138.0,47
137.0,59
2062.0,1
770.0,6
2157.0,1
2085.0,1
751.0,6
646.0,2
2214.0,1
1507.0,2
1972.0,1
653.0,3
1157.0,1
2083.0,1
925.0,6
1379.0,1
666.0,3
1248.0,1
2362.0,1
1350.0,3
1727.0,2
1022.0,2
2120.0,1
783.0,1
668.0,2
1220.0,2
753.0,4
2253.0,1
831.0,2
1312.0,4
709.0,1
725.0,1
827.0,2
2140.0,1
1520.0,1
966.0,2
312.0,2
411.0,35
483.0,21
412.0,40
459.0,36
442.0,81
540.0,12
546.0,8
677.0,3
200.0,20
218.0,11
161.0,19
196.0,11
198.0,14
353.0,4
227.0,87
538.0,10
235.0,14
805.0,5
238.0,9
807.0,3
881.0,5
862.0,3
274.0,9
559.0,11
657.0,11
787.0,4
788.0,1
809.0,4
901.0,2
255.0,6
253.0,7
1429.0,1
1374.0,2
296.0,9
909.0,3
311.0,1
1392.0,1
1003.0,3
927.0,1
887.0,7
1542.0,1
1279.0,1
962.0,2
1505.0,1
1468.0,1
1355.0,3
1185.0,1
277.0,11
1411.0,2
964.0,5
1353.0,2
1425.0,3
201.0,16
866.0,6
1314.0,1
1446.0,1
1407.0,1
1483.0,1
1481.0,2
1518.0,1
1351.0,1
268.0,7
598.0,7
275.0,6
294.0,5
579.0,4
655.0,24
1105.0,1
1396.0,1
1451.0,2
1338.0,1
596.0,4
444.0,49
335.0,8
257.0,7
481.0,25
1387.0,1
1257.0,1
1144.0,1
1370.0,1
1359.0,1
1405.0,1
487.0,14
388.0,3
1020.0,2
588.0,6
742.0,1
1100.0,1
968.0,2
570.0,4
205.0,14
272.0,3
637.0,15
711.0,4
750.0,10
944.0,4
848.0,2
2031.0,1
1061.0,1
1637.0,1
1975.0,1
850.0,2
2068.0,2
2162.0,1
1937.0,1
2181.0,1
1974.0,1
1787.0,1
772.0,4
2118.0,1
2218.0,1
811.0,4
1581.0,1
733.0,2
1272.0,1
885.0,4
316.0,5
500.0,6
142.0,47
644.0,4
64.0,53
107.0,7
768.0,5
585.0,2
564.0,9
144.0,38
162.0,28
148.0,16
129.0,8
157.0,35
22.0,47
179.0,17
146.0,23
429.0,23
203.0,10
183.0,11
124.0,20
127.0,8
842.0,5
185.0,9
181.0,8
1068.0,1
957.0,1
937.0,2
1181.0,3
1125.0,2
975.0,2
1127.0,1
918.0,1
1107.0,2
24.0,2
66.0,16
575.0,5
548.0,7
1031.0,1
1114.0,1
994.0,1
974.0,1
290.0,4
1151.0,1
1172.0,2
938.0,1
1200.0,1
70.0,4
90.0,4
68.0,9
568.0,7
507.0,9
479.0,20
240.0,6
220.0,10
633.0,3
572.0,6
537.0,5
535.0,6
629.0,7
635.0,3
555.0,9
466.0,33
594.0,3
551.0,6
485.0,4
48.0,3
46.0,6
642.0,4
592.0,3
603.0,5
650.0,6
631.0,3
648.0,5
716.0,2
1098.0,1
853.0,1
861.0,2
1001.0,1
812.0,5
931.0,2
661.0,1
737.0,2
912.0,1
105.0,8
85.0,8
88.0,10
103.0,17
50.0,2
1018.0,2
868.0,1
981.0,2
670.0,2
970.0,1
838.0,2
883.0,3
844.0,1
1120.0,1
718.0,1
942.0,2
950.0,2
1216.0,1
1088.0,1
1038.0,1
900.0,2
1101.0,1
1000.0,1
1112.0,1
1025.0,2
705.0,2
688.0,1
700.0,3
722.0,1
685.0,1
872.0,2
664.0,2
659.0,1
672.0,1
794.0,1
1694.0,1
1618.0,1
1561.0,1
1375.0,1
1070.0,1
1090.0,1
1092.0,1
1525.0,1
1140.0,1
890.0,1
816.0,1
911.0,2
1431.0,1
762.0,1
851.0,1
796.0,1
1711.0,1
1333.0,1
875.0,1
988.0,1
1714.0,1
761.0,1
1742.0,1
757.0,1
1829.0,1
1705.0,1
790.0,1
814.0,1
1509.0,1
1250.0,1
1574.0,1
1372.0,1
1931.0,1
933.0,1
1142.0,1
1837.0,1
896.0,1
1729.0,1
855.0,1
1087.0,1
1124.0,1
1620.0,1
1798.0,1
